"Reference","Value","Qty","DNP","LCSC_PN","MPN"
"C1,C6,C7,C8,C12,C13,C14,C15,C17,C18,C19,C22,C23,C24,C25,C26,C27,C28,C29,C30,C31,C32,C33,C34,C35,C36,C37,C38,C39,C40,C41,C42,C43,C46,C47,C48,C49,C50,C51,C52,C53,C54,C55,C56,C57,C58,C59,C60,C61,C62,C63,C64,C65,C66,C67,C68,C69,C70,C71,C72,C73,C74,C75,C76,C77,C78,C79,C80,C81,C82,C83,C84,C85,C86,C87,C88,C89,C90,C91,C92,C93,C94,C95,C96,C97,C98,C99,C100,C101,C102,C103,C104,C105,C106,C107,C108,C109,C110,C111,C112,C113,C114,C115,C116,C117,C118,C119,C120,C121,C122,C123,C124,C125,C126,C127,C128,C129,C130,C131,C132,C133,C138","0.1uF","122","","C60474",""
"C134","0.1uF","1","DNP","C60474",""
"D_1,D_2,D_3,D_4,D_5,D_6,D_7,D_8,D_9,D_10,D_11,D_12,D_13,D_14,D_15,D_16,D_17,D_18,D_19,D_20,D_21,D_22,D_23,D_24,D_25,D_26,D_27,D_28,D_29,D_30,D_31,D_32,D_33,D_34,D_35,D_36,D_37,D_38,D_39,D_40,D_41,D_42,D_43,D_44,D_45,D_46,D_47,D_48,D_49,D_50,D_51,D_52,D_53,D_54,D_55,D_56,D_57,D_58,D_59,D_60,D_61,D_62,D_63,D_64,D_65,D_66,D_67,D_68,D_69,D_70,D_71,D_72,D_73,D_74,D_75,D_76,D_77,D_78,D_79,D_80,D_81,D_82,D_83,D_84,D_85,D_86,D_87,D_88,D_89,D_90,D_91,D_92,D_93,D_94,D_95,D_96,D_97,D_98,D_99,D_100,D_101,D_102","SK6812MINI-E","102","","",""
"J2","Conn_01x08","1","","",""
"J3","Conn_01x03","1","","",""
"J4","Conn_01x09","1","","",""
"J5","Conn_01x06","1","","",""
"J6","Conn_01x04","1","","",""
"R9,R10,R11,R13,R14,R15,R19,R21","0R","8","","C17168",""
"R23,R24,R26,R28,R29","0R","5","DNP","C17168",""
"SW1,SW2,SW3,SW4,SW5,SW6,SW7,SW8,SW9,SW10,SW11,SW12,SW13,SW14,SW15,SW16,SW17,SW18,SW19,SW20,SW21,SW22,SW23,SW24,SW25,SW26,SW27,SW28,SW29,SW30,SW31,SW32,SW33,SW34,SW35,SW36,SW37,SW38,SW39,SW40,SW41,SW42,SW43,SW44,SW45,SW46,SW47,SW48,SW49,SW50,SW51,SW52,SW53,SW54,SW55,SW56,SW57,SW58,SW59,SW60,SW61,SW62,SW63,SW64,SW65,SW66,SW67,SW68,SW69,SW70,SW71,SW72,SW73,SW74,SW75,SW76,SW77,SW78,SW79,SW80,SW81,SW82,SW83,SW84,SW85,SW86,SW87,SW88,SW89,SW90,SW91,SW92,SW93,SW94,SW95,SW96,SW97,SW98,SW99,SW100,SW101,SW102,SW103,SW104","SW_Push","104","","-- mixed values --","-- mixed values --"
"U1,U5","~","2","","-- mixed values --","-- mixed values --"
"R3","1.5K","1","DNP","C25867","0402WGF1501TCE "
"R4","1.5K","1","","C25867","0402WGF1501TCE "
"R1,R2","5.1K","2","","C25905","0402WGF5101TCE"
"D1,D2,D3,D4,D5,D6,D7,D8,D9,D10,D11,D12,D13,D14,D15,D16,D17,D18,D19,D20,D21,D22,D23,D24,D25,D26,D27,D28,D29,D30,D31,D32,D33,D34,D35,D36,D37,D38,D39,D40,D41,D42,D43,D44,D45,D46,D47,D48,D49,D50,D51,D52,D53,D54,D55,D56,D57,D58,D59,D60,D61,D62,D63,D64,D65,D66,D67,D68,D69,D70,D71,D72,D73,D74,D75,D76,D77,D78,D79,D80,D81,D82,D83,D84,D85,D86,D87,D88,D89,D90,D91,D92,D93,D94,D95,D96,D97,D98,D99,D100,D101,D102","D_Small_Filled","102","","C109203","1N4148W"
"FB1","FerriteBead_Small","1","","C19330","BLM18AG601SN1D"
"Q1","NMOS","1","DNP","C112239","BSS138"
"C135,C136","10pF","2","DNP","C106199","CC0402JRNPO9BN100"
"C20,C21","15pF","2","","C106997","CC0402JRNPO9BN150"
"C9,C10,C11","1uF","3","","C14445","CL05A105KP5NNNC"
"C2,C3,C4,C5,C16,C137","10uF","6","","C315248","CL05A106MP5NUNC"
"C44,C45","2.2uF","2","","C170151","CL05A225KO5NQNC"
"SW105","RotaryEncoder_Switch_MP","1","DNP","","EC11 (Alibaba), based off PEC12R (Bourns)"
"U4","M24C02-RMN","1","","C83836","M24C02-RMN6TP "
"R22,R27","1K","2","","C106235","RC0402FR-071KL"
"R30","1K","1","DNP","C106235","RC0402FR-071KL"
"R5,R8,R31,R33,R34,R35,R36,R37,R38","10K","9","DNP","C60490","RC0402FR-0710KL"
"R6,R7,R20,R25,R32","10K","5","","C60490","RC0402FR-0710KL"
"R12,R16","100K","2","DNP","C60491","RC0402FR-07100KL "
"R17,R18","4.7K","2","","C105871","RC0402FR-074K7L "
"U3","STM32F407VGTx","1","","C12345","STM32F407VGT6"
"Y1","Crystal_GND24","1","","C403948","TAXM8M4RFDCET2T"
"J1","USB_C_Receptacle_USB2.0_16P","1","","C165948","TYPE-C-31-M-12 "
"U2","USBLC6-2SC6","1","","C2827654","USBLC6-2SC6"
